Date,Well_ID,Water_Level,Basin,X,Y
2017-05-20,well_A,-15.513193646376187,1,100,200
2017-05-21,well_A,-15.809506268922949,1,100,200
2017-05-22,well_A,-16.208521241052196,1,100,200
2017-05-23,well_A,-15.173315524246362,1,100,200
2017-05-24,well_A,-15.12557197019661,1,100,200
2017-05-25,well_A,-16.14033234344818,1,100,200
2017-05-26,well_A,-16.153244012893058,1,100,200
2017-05-27,well_A,-15.35803048427136,1,100,200
2017-05-28,well_A,-15.265588415626688,1,100,200
2017-05-29,well_A,-14.459383610804144,1,100,200
2017-05-30,well_A,-13.933193916707367,1,100,200
2017-05-31,well_A,-15.487578477798857,1,100,200
2017-06-01,well_A,-16.595766520704366,1,100,200
2017-06-02,well_A,-15.492466368905982,1,100,200
2017-06-03,well_A,-15.833125656517698,1,100,200
2017-06-04,well_A,-14.918237367152832,1,100,200
2017-06-05,well_A,-15.732265718565166,1,100,200
2017-06-06,well_A,-15.556151161461656,1,100,200
2017-06-07,well_A,-16.237636629822674,1,100,200
2017-06-08,well_A,-16.317659904981838,1,100,200
2017-06-09,well_A,-16.80620279102645,1,100,200
2017-06-10,well_A,-14.20247364147545,1,100,200
2017-06-11,well_A,-17.43169192266443,1,100,200
2017-06-12,well_A,-16.202242262774185,1,100,200
2017-06-13,well_A,-16.17137534550299,1,100,200
2017-06-14,well_A,-16.78019491922798,1,100,200
2017-06-15,well_A,-16.808142035210132,1,100,200
2017-06-16,well_A,-17.299691880293757,1,100,200
2017-06-17,well_A,-15.165448358958768,1,100,200
2017-06-18,well_A,-15.677321086406408,1,100,200
2017-06-19,well_A,-16.41117010214226,1,100,200
2017-06-20,well_A,-16.183997509796374,1,100,200
2017-06-21,well_A,-15.46862448212257,1,100,200
2017-06-22,well_A,-16.441262363615323,1,100,200
2017-06-23,well_A,-17.965747226879174,1,100,200
2017-06-24,well_A,-15.79033866363089,1,100,200
2017-06-25,well_A,-14.147750580139649,1,100,200
2017-06-26,well_A,-14.759401228326892,1,100,200
2017-06-27,well_A,-14.490946328449658,1,100,200
2017-06-28,well_A,-15.710353328627999,1,100,200
2017-06-29,well_A,-15.413098058987192,1,100,200
2017-06-30,well_A,-15.040681679260953,1,100,200
2017-07-01,well_A,-16.29984961516366,1,100,200
2017-07-02,well_A,-15.745170625755737,1,100,200
2017-07-03,well_A,-15.193113071196363,1,100,200
2017-07-04,well_A,-16.010272328894278,1,100,200
2017-07-05,well_A,-16.516002110019652,1,100,200
2017-07-06,well_A,-16.678132052304054,1,100,200
2017-07-07,well_A,-16.96825893217605,1,100,200
2017-07-08,well_A,-15.003955309890234,1,100,200
2017-07-09,well_A,-16.292456417360402,1,100,200
2017-07-10,well_A,-15.907236053243539,1,100,200
2017-07-11,well_A,-16.676387384165242,1,100,200
2017-07-12,well_A,-17.036420016583985,1,100,200
2017-07-13,well_A,-16.51879366275358,1,100,200
2017-07-14,well_A,-17.28245062635136,1,100,200
2017-07-15,well_A,-16.655282184311456,1,100,200
2017-07-16,well_A,-15.962157943927863,1,100,200
2017-07-17,well_A,-15.524618838261976,1,100,200
2017-07-18,well_A,-16.155606554840226,1,100,200
2017-07-19,well_A,-16.94267037559367,1,100,200
2017-07-20,well_A,-16.977450793700918,1,100,200
2017-07-21,well_A,-16.66197846165342,1,100,200
2017-07-22,well_A,-16.597073355764426,1,100,200
2017-07-23,well_A,-15.887098847491375,1,100,200
2017-07-24,well_A,-15.054078197758445,1,100,200
2017-07-25,well_A,-14.900298460881757,1,100,200
2017-07-26,well_A,-17.663304934773482,1,100,200
2017-07-27,well_A,-15.765832832357125,1,100,200
2017-07-28,well_A,-17.379980947892292,1,100,200
2017-07-29,well_A,-16.522440602366437,1,100,200
2017-07-30,well_A,-15.30670964412798,1,100,200
2017-07-31,well_A,-16.835742983882625,1,100,200
2017-08-01,well_A,-17.640531490972535,1,100,200
2017-08-02,well_A,-16.91212735023118,1,100,200
2017-08-03,well_A,-18.217088161345586,1,100,200
2017-08-04,well_A,-17.660987924807333,1,100,200
2017-08-05,well_A,-17.676447037739052,1,100,200
2017-08-06,well_A,-17.42536739759299,1,100,200
2017-08-07,well_A,-17.47975570913767,1,100,200
2017-08-08,well_A,-17.525518935262667,1,100,200
2017-08-09,well_A,-18.39992642432466,1,100,200
2017-08-10,well_A,-17.442837169693664,1,100,200
2017-08-11,well_A,-17.76341557462261,1,100,200
2017-08-12,well_A,-18.603321883013816,1,100,200
2017-08-13,well_A,-18.294596093087396,1,100,200
2017-08-14,well_A,-18.02967327366673,1,100,200
2017-08-15,well_A,-18.893854594023423,1,100,200
2017-08-16,well_A,-17.813413058891243,1,100,200
2017-08-17,well_A,-18.289228069327127,1,100,200
2017-08-18,well_A,-18.27205256441318,1,100,200
2017-08-19,well_A,-17.343488904702387,1,100,200
2017-08-20,well_A,-16.75307221317178,1,100,200
2017-08-21,well_A,-17.22318426686411,1,100,200
2017-08-22,well_A,-17.42542453905438,1,100,200
2017-08-23,well_A,-18.37096855114669,1,100,200
2017-08-24,well_A,-17.825938669542673,1,100,200
2017-08-25,well_A,-17.97960813186958,1,100,200
2017-08-26,well_A,-17.305901882810634,1,100,200
2017-08-27,well_A,-16.705923130371442,1,100,200
2017-08-28,well_A,-17.452757858173943,1,100,200
2017-08-29,well_A,-17.089242471948594,1,100,200
2017-08-30,well_A,-16.947373630028924,1,100,200
2017-08-31,well_A,-19.385660990385894,1,100,200
2017-09-01,well_A,-18.893666500532575,1,100,200
2017-09-02,well_A,-19.730967498950555,1,100,200
2017-09-03,well_A,-20.62803113467926,1,100,200
2017-09-04,well_A,-18.57818214668498,1,100,200
2017-09-05,well_A,-18.25791335872028,1,100,200
2017-09-06,well_A,-20.0954978542471,1,100,200
2017-09-07,well_A,-20.214839535197846,1,100,200
2017-09-08,well_A,-20.506994794932485,1,100,200
2017-09-09,well_A,-19.033567599966496,1,100,200
2017-09-10,well_A,-20.112413977996003,1,100,200
2017-09-11,well_A,-20.33048099507923,1,100,200
2017-09-12,well_A,-20.97036083368161,1,100,200
2017-09-13,well_A,-20.32616419255646,1,100,200
2017-09-14,well_A,-19.976618874050327,1,100,200
2017-09-15,well_A,-21.05774550696946,1,100,200
2017-09-16,well_A,-19.67876663698277,1,100,200
2017-09-17,well_A,-19.942759555574682,1,100,200
2017-09-18,well_A,-20.335768198002906,1,100,200
2017-09-19,well_A,-19.746356522459877,1,100,200
2017-09-20,well_A,-20.371861775846167,1,100,200
2017-09-21,well_A,-20.0051851041196,1,100,200
2017-09-22,well_A,-19.22360150258738,1,100,200
2017-09-23,well_A,-18.32510159244356,1,100,200
2017-09-24,well_A,-19.623469792826896,1,100,200
2017-09-25,well_A,-18.744622424141227,1,100,200
2017-09-26,well_A,-19.90133382611358,1,100,200
2017-09-27,well_A,-20.00216906184716,1,100,200
2017-09-28,well_A,-20.418404955266727,1,100,200
2017-09-29,well_A,-20.516363536421007,1,100,200
2017-09-30,well_A,-20.767937095472696,1,100,200
2017-10-01,well_A,-20.4322843248238,1,100,200
2017-10-02,well_A,-21.69290869507627,1,100,200
2017-10-03,well_A,-21.40487631541431,1,100,200
2017-10-04,well_A,-21.93318169372737,1,100,200
2017-10-05,well_A,-22.60129990292717,1,100,200
2017-10-06,well_A,-21.81048527988248,1,100,200
2017-10-07,well_A,-24.143160694974174,1,100,200
2017-10-08,well_A,-22.377650459069244,1,100,200
2017-10-09,well_A,-22.994603652576888,1,100,200
2017-10-10,well_A,-22.70726745051686,1,100,200
2017-10-11,well_A,-22.97168834443482,1,100,200
2017-10-12,well_A,-23.73065606822897,1,100,200
2017-10-13,well_A,-22.59883137353517,1,100,200
2017-10-14,well_A,-22.95141036918477,1,100,200
2017-10-15,well_A,-22.017527895852,1,100,200
2017-10-16,well_A,-22.248290275936224,1,100,200
2017-10-17,well_A,-22.75324230311319,1,100,200
2017-10-18,well_A,-23.113153341966225,1,100,200
2017-05-20,well_B,-19.838095492820568,1,110,210
2017-05-21,well_B,-19.11791749332017,1,110,210
2017-05-22,well_B,-18.58774697091724,1,110,210
2017-05-23,well_B,-19.640080225234534,1,110,210
2017-05-24,well_B,-19.22089806247672,1,110,210
2017-05-25,well_B,-20.124462480373385,1,110,210
2017-05-26,well_B,-18.901826516185803,1,110,210
2017-05-27,well_B,-18.303947625602838,1,110,210
2017-05-28,well_B,-17.498804212841293,1,110,210
2017-05-29,well_B,-17.49346868545274,1,110,210
2017-05-30,well_B,-18.608263759180062,1,110,210
2017-05-31,well_B,-18.247143995274683,1,110,210
2017-06-01,well_B,-18.722801176020663,1,110,210
2017-06-02,well_B,-18.952015803457346,1,110,210
2017-06-03,well_B,-19.232726083010117,1,110,210
2017-06-04,well_B,-18.829582566691805,1,110,210
2017-06-05,well_B,-18.644147310853924,1,110,210
2017-06-06,well_B,-19.12395307786197,1,110,210
2017-06-07,well_B,-19.934182115816736,1,110,210
2017-06-08,well_B,-21.033254881052077,1,110,210
2017-06-09,well_B,-19.426290475686287,1,110,210
2017-06-10,well_B,-20.62484840786191,1,110,210
2017-06-11,well_B,-19.66722182009887,1,110,210
2017-06-12,well_B,-18.304084377291147,1,110,210
2017-06-13,well_B,-18.505248130539183,1,110,210
2017-06-14,well_B,-19.070201710314805,1,110,210
2017-06-15,well_B,-19.659610863677162,1,110,210
2017-06-16,well_B,-19.5448085788344,1,110,210
2017-06-17,well_B,-19.33332733783537,1,110,210
2017-06-18,well_B,-17.763645780440683,1,110,210
2017-06-19,well_B,-18.596395089062792,1,110,210
2017-06-20,well_B,-18.91227345380757,1,110,210
2017-06-21,well_B,-15.932095004814908,1,110,210
2017-06-22,well_B,-18.958919429007082,1,110,210
2017-06-23,well_B,-18.251178643526256,1,110,210
2017-06-24,well_B,-17.58697594874529,1,110,210
2017-06-25,well_B,-17.7620838093716,1,110,210
2017-06-26,well_B,-17.750929847287196,1,110,210
2017-06-27,well_B,-17.712464849012974,1,110,210
2017-06-28,well_B,-17.592747425344005,1,110,210
2017-06-29,well_B,-19.81009925177422,1,110,210
2017-06-30,well_B,-17.20602248217222,1,110,210
2017-07-01,well_B,-18.2677425253644,1,110,210
2017-07-02,well_B,-19.00515271773983,1,110,210
2017-07-03,well_B,-18.575267818094844,1,110,210
2017-07-04,well_B,-18.93763591924339,1,110,210
2017-07-05,well_B,-19.16410051218713,1,110,210
2017-07-06,well_B,-18.90023380816523,1,110,210
2017-07-07,well_B,-19.74676333123018,1,110,210
2017-07-08,well_B,-19.038323561046496,1,110,210
2017-07-09,well_B,-18.650424667408714,1,110,210
2017-07-10,well_B,-19.271218307945176,1,110,210
2017-07-11,well_B,-17.924019555101093,1,110,210
2017-07-12,well_B,-20.23745058607091,1,110,210
2017-07-13,well_B,-19.620604272612105,1,110,210
2017-07-14,well_B,-20.263960812831883,1,110,210
2017-07-15,well_B,-19.093435181469783,1,110,210
2017-07-16,well_B,-19.678055072467878,1,110,210
2017-07-17,well_B,-18.363736916255966,1,110,210
2017-07-18,well_B,-18.935511669092556,1,110,210
2017-07-19,well_B,-18.422812990245415,1,110,210
2017-07-20,well_B,-19.128605635133894,1,110,210
2017-07-21,well_B,-18.424284248111316,1,110,210
2017-07-22,well_B,-18.35945145842383,1,110,210
2017-07-23,well_B,-17.69318658549131,1,110,210
2017-07-24,well_B,-16.798401259908864,1,110,210
2017-07-25,well_B,-18.4081600851446,1,110,210
2017-07-26,well_B,-17.74915623166317,1,110,210
2017-07-27,well_B,-18.723576164574673,1,110,210
2017-07-28,well_B,-17.850146088615077,1,110,210
2017-07-29,well_B,-18.60367778660332,1,110,210
2017-07-30,well_B,-17.914279468208647,1,110,210
2017-07-31,well_B,-18.125859610622093,1,110,210
2017-08-01,well_B,-18.219537348645385,1,110,210
2017-08-02,well_B,-19.11557129225261,1,110,210
2017-08-03,well_B,-20.485147239696197,1,110,210
2017-08-04,well_B,-19.131855256732837,1,110,210
2017-08-05,well_B,-18.018235041587918,1,110,210
2017-08-06,well_B,-18.470385461845567,1,110,210
2017-08-07,well_B,-18.529892327431938,1,110,210
2017-08-08,well_B,-19.41109330319426,1,110,210
2017-08-09,well_B,-21.238114891882187,1,110,210
2017-08-10,well_B,-21.179350148659708,1,110,210
2017-08-11,well_B,-19.821477398182818,1,110,210
2017-08-12,well_B,-20.25517080255862,1,110,210
2017-08-13,well_B,-18.688939030416332,1,110,210
2017-08-14,well_B,-19.14536816754997,1,110,210
2017-08-15,well_B,-19.341602757399716,1,110,210
2017-08-16,well_B,-19.884051684341863,1,110,210
2017-08-17,well_B,-19.645218201374142,1,110,210
2017-08-18,well_B,-19.066229280566308,1,110,210
2017-08-19,well_B,-18.432544557932808,1,110,210
2017-08-20,well_B,-19.16540902743132,1,110,210
2017-08-21,well_B,-18.67697171385827,1,110,210
2017-08-22,well_B,-19.58406236681757,1,110,210
2017-08-23,well_B,-18.44876492879528,1,110,210
2017-08-24,well_B,-19.36324948837742,1,110,210
2017-08-25,well_B,-18.98735171611186,1,110,210
2017-08-26,well_B,-18.052933533108114,1,110,210
2017-08-27,well_B,-19.408660288496385,1,110,210
2017-08-28,well_B,-18.871972196427517,1,110,210
2017-08-29,well_B,-19.92895044735657,1,110,210
2017-08-30,well_B,-19.090827222543293,1,110,210
2017-08-31,well_B,-20.29619644384391,1,110,210
2017-09-01,well_B,-20.81008395047244,1,110,210
2017-09-02,well_B,-19.74518826221914,1,110,210
2017-09-03,well_B,-19.97687768398898,1,110,210
2017-09-04,well_B,-19.175270687993304,1,110,210
2017-09-05,well_B,-20.13885608224338,1,110,210
2017-09-06,well_B,-20.93976637148718,1,110,210
2017-09-07,well_B,-21.33331551256224,1,110,210
2017-09-08,well_B,-21.181477718715662,1,110,210
2017-09-09,well_B,-21.66060876992369,1,110,210
2017-09-10,well_B,-20.212154512038534,1,110,210
2017-09-11,well_B,-21.08585239990702,1,110,210
2017-09-12,well_B,-21.339310768862095,1,110,210
2017-09-13,well_B,-21.443396517348297,1,110,210
2017-09-14,well_B,-22.852755414961436,1,110,210
2017-09-15,well_B,-20.89338854982323,1,110,210
2017-09-16,well_B,-21.73795538032174,1,110,210
2017-09-17,well_B,-20.382281690213016,1,110,210
2017-09-18,well_B,-20.727080593788383,1,110,210
2017-09-19,well_B,-20.89655814430055,1,110,210
2017-09-20,well_B,-20.67867233408446,1,110,210
2017-09-21,well_B,-20.275674046845648,1,110,210
2017-09-22,well_B,-21.318557655698978,1,110,210
2017-09-23,well_B,-20.327387283457973,1,110,210
2017-09-24,well_B,-20.078620475402403,1,110,210
2017-09-25,well_B,-20.995847045090795,1,110,210
2017-09-26,well_B,-19.96868364310173,1,110,210
2017-09-27,well_B,-21.969898231718936,1,110,210
2017-09-28,well_B,-21.82249127107544,1,110,210
2017-09-29,well_B,-21.158389498373076,1,110,210
2017-09-30,well_B,-21.793624680558263,1,110,210
2017-10-01,well_B,-22.167041806484473,1,110,210
2017-10-02,well_B,-22.286208579005915,1,110,210
2017-10-03,well_B,-22.46666207165034,1,110,210
2017-10-04,well_B,-22.365311990843008,1,110,210
2017-10-05,well_B,-22.326867183289227,1,110,210
2017-10-06,well_B,-23.68869693240844,1,110,210
2017-10-07,well_B,-23.289376492013535,1,110,210
2017-10-08,well_B,-20.54634737105486,1,110,210
2017-10-09,well_B,-21.664651223867843,1,110,210
2017-10-10,well_B,-22.314113904095148,1,110,210
2017-10-11,well_B,-25.008688697715087,1,110,210
2017-10-12,well_B,-23.73995523290025,1,110,210
2017-10-13,well_B,-23.439609230584008,1,110,210
2017-10-14,well_B,-20.85220503169484,1,110,210
2017-10-15,well_B,-22.237394076755717,1,110,210
2017-10-16,well_B,-23.753679273413404,1,110,210
2017-10-17,well_B,-23.286823847611494,1,110,210
2017-10-18,well_B,-22.633715849007277,1,110,210
2017-05-20,well_C,-13.83921309361011,2,150,230
2017-05-21,well_C,-12.405032451485722,2,150,230
2017-05-22,well_C,-13.785568256342023,2,150,230
2017-05-23,well_C,-12.997967642562982,2,150,230
2017-05-24,well_C,-12.316048937095728,2,150,230
2017-05-25,well_C,-13.358466483828021,2,150,230
2017-05-26,well_C,-12.607022268213395,2,150,230
2017-05-27,well_C,-11.744725221364838,2,150,230
2017-05-28,well_C,-13.164996342371293,2,150,230
2017-05-29,well_C,-12.318925065402194,2,150,230
2017-05-30,well_C,-11.723899069075047,2,150,230
2017-05-31,well_C,-13.567208136926475,2,150,230
2017-06-01,well_C,-14.180638863176126,2,150,230
2017-06-02,well_C,-13.683452375692898,2,150,230
2017-06-03,well_C,-13.466821564103723,2,150,230
2017-06-04,well_C,-13.464086983045803,2,150,230
2017-06-05,well_C,-13.026988698387646,2,150,230
2017-06-06,well_C,-13.58940130975146,2,150,230
2017-06-07,well_C,-13.72363678166218,2,150,230
2017-06-08,well_C,-13.518369969339497,2,150,230
2017-06-09,well_C,-13.690538523264602,2,150,230
2017-06-10,well_C,-15.039501010032938,2,150,230
2017-06-11,well_C,-14.200940596533577,2,150,230
2017-06-12,well_C,-13.4405055158808,2,150,230
2017-06-13,well_C,-14.63046354721496,2,150,230
2017-06-14,well_C,-13.591655719607324,2,150,230
2017-06-15,well_C,-14.80872325636513,2,150,230
2017-06-16,well_C,-14.411688429606297,2,150,230
2017-06-17,well_C,-13.12441344864516,2,150,230
2017-06-18,well_C,-12.756628953158426,2,150,230
2017-06-19,well_C,-13.643952011413397,2,150,230
2017-06-20,well_C,-12.82540794795264,2,150,230
2017-06-21,well_C,-12.861594541300086,2,150,230
2017-06-22,well_C,-13.838590175328486,2,150,230
2017-06-23,well_C,-14.811299964385118,2,150,230
2017-06-24,well_C,-13.185509041595811,2,150,230
2017-06-25,well_C,-13.508354560863133,2,150,230
2017-06-26,well_C,-12.209163452971541,2,150,230
2017-06-27,well_C,-12.394221451090855,2,150,230
2017-06-28,well_C,-12.845702517394217,2,150,230
2017-06-29,well_C,-13.68692700982308,2,150,230
2017-06-30,well_C,-12.605443067774901,2,150,230
2017-07-01,well_C,-13.617634437582147,2,150,230
2017-07-02,well_C,-12.023667982477331,2,150,230
2017-07-03,well_C,-13.000853209438059,2,150,230
2017-07-04,well_C,-13.671538431554954,2,150,230
2017-07-05,well_C,-13.3350664780661,2,150,230
2017-07-06,well_C,-13.509910402532249,2,150,230
2017-07-07,well_C,-15.209011401702666,2,150,230
2017-07-08,well_C,-13.989368050510631,2,150,230
2017-07-09,well_C,-14.387200327558924,2,150,230
2017-07-10,well_C,-14.25579831817781,2,150,230
2017-07-11,well_C,-14.053559417152758,2,150,230
2017-07-12,well_C,-15.247060990004675,2,150,230
2017-07-13,well_C,-14.860405616791592,2,150,230
2017-07-14,well_C,-14.265178251991749,2,150,230
2017-07-15,well_C,-15.861074632781968,2,150,230
2017-07-16,well_C,-14.153013112132998,2,150,230
2017-07-17,well_C,-13.420135546390812,2,150,230
2017-07-18,well_C,-14.08107251331705,2,150,230
2017-07-19,well_C,-15.313129240338796,2,150,230
2017-07-20,well_C,-14.218514098437046,2,150,230
2017-07-21,well_C,-13.959698741742676,2,150,230
2017-07-22,well_C,-13.745927956984902,2,150,230
2017-07-23,well_C,-13.493793711583743,2,150,230
2017-07-24,well_C,-13.389256847569696,2,150,230
2017-07-25,well_C,-13.414233647444343,2,150,230
2017-07-26,well_C,-13.726347557997123,2,150,230
2017-07-27,well_C,-13.870426808643685,2,150,230
2017-07-28,well_C,-14.207816268292952,2,150,230
2017-07-29,well_C,-14.469460817648368,2,150,230
2017-07-30,well_C,-12.68759457815696,2,150,230
2017-07-31,well_C,-12.666067631581814,2,150,230
2017-08-01,well_C,-15.328238207181517,2,150,230
2017-08-02,well_C,-14.418225257605298,2,150,230
2017-08-03,well_C,-14.950169239625458,2,150,230
2017-08-04,well_C,-14.564637436217218,2,150,230
2017-08-05,well_C,-15.362612363549545,2,150,230
2017-08-06,well_C,-15.334438058026578,2,150,230
2017-08-07,well_C,-15.527690170342265,2,150,230
2017-08-08,well_C,-15.890587058426544,2,150,230
2017-08-09,well_C,-16.2954253291396,2,150,230
2017-08-10,well_C,-16.703694732294863,2,150,230
2017-08-11,well_C,-16.753744195455685,2,150,230
2017-08-12,well_C,-15.294037991364098,2,150,230
2017-08-13,well_C,-15.988734148292716,2,150,230
2017-08-14,well_C,-15.259842220966252,2,150,230
2017-08-15,well_C,-13.974191006281607,2,150,230
2017-08-16,well_C,-16.08552704509237,2,150,230
2017-08-17,well_C,-15.179151622605643,2,150,230
2017-08-18,well_C,-15.812669912746738,2,150,230
2017-08-19,well_C,-14.569270365747458,2,150,230
2017-08-20,well_C,-15.684852329923034,2,150,230
2017-08-21,well_C,-15.953292820968406,2,150,230
2017-08-22,well_C,-15.473412640577184,2,150,230
2017-08-23,well_C,-16.420850789136185,2,150,230
2017-08-24,well_C,-15.758342535718645,2,150,230
2017-08-25,well_C,-15.398655558622593,2,150,230
2017-08-26,well_C,-15.390757127639603,2,150,230
2017-08-27,well_C,-16.297267127365007,2,150,230
2017-08-28,well_C,-16.505669978417174,2,150,230
2017-08-29,well_C,-15.62977684140586,2,150,230
2017-08-30,well_C,-16.044807423204887,2,150,230
2017-08-31,well_C,-18.11375761583267,2,150,230
2017-09-01,well_C,-15.870573053929471,2,150,230
2017-09-02,well_C,-18.082199487186383,2,150,230
2017-09-03,well_C,-17.159466717461946,2,150,230
2017-09-04,well_C,-15.317649174264192,2,150,230
2017-09-05,well_C,-16.00911169523545,2,150,230
2017-09-06,well_C,-18.031048016159236,2,150,230
2017-09-07,well_C,-17.475283855906103,2,150,230
2017-09-08,well_C,-17.78166771287712,2,150,230
2017-09-09,well_C,-17.49343498729643,2,150,230
2017-09-10,well_C,-17.120405571151714,2,150,230
2017-09-11,well_C,-17.221204982683602,2,150,230
2017-09-12,well_C,-17.74260094950345,2,150,230
2017-09-13,well_C,-16.842238206807057,2,150,230
2017-09-14,well_C,-18.423083230121055,2,150,230
2017-09-15,well_C,-18.831007303096182,2,150,230
2017-09-16,well_C,-17.71389831015514,2,150,230
2017-09-17,well_C,-18.233918318686328,2,150,230
2017-09-18,well_C,-17.558643278785304,2,150,230
2017-09-19,well_C,-17.631474784555845,2,150,230
2017-09-20,well_C,-17.882853786932493,2,150,230
2017-09-21,well_C,-17.82111979212191,2,150,230
2017-09-22,well_C,-17.98388760723144,2,150,230
2017-09-23,well_C,-17.303876320780848,2,150,230
2017-09-24,well_C,-17.439818487065164,2,150,230
2017-09-25,well_C,-16.599238338792993,2,150,230
2017-09-26,well_C,-18.725606730858036,2,150,230
2017-09-27,well_C,-19.332543083077994,2,150,230
2017-09-28,well_C,-18.000516805669374,2,150,230
2017-09-29,well_C,-19.195032145692927,2,150,230
2017-09-30,well_C,-18.513852970024992,2,150,230
2017-10-01,well_C,-18.577998108497933,2,150,230
2017-10-02,well_C,-18.816860280136087,2,150,230
2017-10-03,well_C,-18.30876941979092,2,150,230
2017-10-04,well_C,-20.022392301603762,2,150,230
2017-10-05,well_C,-19.90750401050724,2,150,230
2017-10-06,well_C,-20.165632083379883,2,150,230
2017-10-07,well_C,-20.147202969772344,2,150,230
2017-10-08,well_C,-20.393284463844033,2,150,230
2017-10-09,well_C,-20.18457178085139,2,150,230
2017-10-10,well_C,-20.22131429264148,2,150,230
2017-10-11,well_C,-20.709270007853057,2,150,230
2017-10-12,well_C,-20.239937404901024,2,150,230
2017-10-13,well_C,-20.43781916598351,2,150,230
2017-10-14,well_C,-20.222156518164358,2,150,230
2017-10-15,well_C,-20.53044053388578,2,150,230
2017-10-16,well_C,-20.27761027809439,2,150,230
2017-10-17,well_C,-20.276519023060516,2,150,230
2017-10-18,well_C,-21.08259720404441,2,150,230
2017-05-20,well_D,-14.772539068610858,2,160,240
2017-05-21,well_D,-13.231941922325067,2,160,240
2017-05-22,well_D,-12.524533134933144,2,160,240
2017-05-23,well_D,-13.501025138235095,2,160,240
2017-05-24,well_D,-14.54194554148379,2,160,240
2017-05-25,well_D,-13.23169810472132,2,160,240
2017-05-26,well_D,-13.939897242941925,2,160,240
2017-05-27,well_D,-14.051625703656315,2,160,240
2017-05-28,well_D,-11.934653085303498,2,160,240
2017-05-29,well_D,-13.462226367256386,2,160,240
2017-05-30,well_D,-13.154157134178526,2,160,240
2017-05-31,well_D,-13.904546875470338,2,160,240
2017-06-01,well_D,-13.38572365187461,2,160,240
2017-06-02,well_D,-13.550791133050335,2,160,240
2017-06-03,well_D,-14.091429498656971,2,160,240
2017-06-04,well_D,-12.76957286644113,2,160,240
2017-06-05,well_D,-12.395069186754608,2,160,240
2017-06-06,well_D,-14.030424272634038,2,160,240
2017-06-07,well_D,-15.15657682320615,2,160,240
2017-06-08,well_D,-14.533978680275194,2,160,240
2017-06-09,well_D,-14.771359674941706,2,160,240
2017-06-10,well_D,-14.469772671495315,2,160,240
2017-06-11,well_D,-14.360190157147908,2,160,240
2017-06-12,well_D,-15.005697853848819,2,160,240
2017-06-13,well_D,-14.300230152015306,2,160,240
2017-06-14,well_D,-14.288139152031848,2,160,240
2017-06-15,well_D,-14.677785636332251,2,160,240
2017-06-16,well_D,-14.061546424272553,2,160,240
2017-06-17,well_D,-14.081806880147226,2,160,240
2017-06-18,well_D,-13.56067463828161,2,160,240
2017-06-19,well_D,-13.46373119689362,2,160,240
2017-06-20,well_D,-13.603957540217863,2,160,240
2017-06-21,well_D,-13.338073983321037,2,160,240
2017-06-22,well_D,-13.698619935837918,2,160,240
2017-06-23,well_D,-12.943466897190582,2,160,240
2017-06-24,well_D,-12.701398350667965,2,160,240
2017-06-25,well_D,-13.52746438999038,2,160,240
2017-06-26,well_D,-12.149798215853782,2,160,240
2017-06-27,well_D,-12.332392897762423,2,160,240
2017-06-28,well_D,-13.55853732467585,2,160,240
2017-06-29,well_D,-13.756031589314963,2,160,240
2017-06-30,well_D,-15.906546998474461,2,160,240
2017-07-01,well_D,-13.602794481923382,2,160,240
2017-07-02,well_D,-13.112092140981067,2,160,240
2017-07-03,well_D,-12.878561878853755,2,160,240
2017-07-04,well_D,-13.338896456323374,2,160,240
2017-07-05,well_D,-14.416320661260684,2,160,240
2017-07-06,well_D,-13.791029352763827,2,160,240
2017-07-07,well_D,-14.51026927933688,2,160,240
2017-07-08,well_D,-14.642779945171544,2,160,240
2017-07-09,well_D,-15.279121039097086,2,160,240
2017-07-10,well_D,-14.096425718439125,2,160,240
2017-07-11,well_D,-14.262191014615084,2,160,240
2017-07-12,well_D,-14.259038130438917,2,160,240
2017-07-13,well_D,-14.230331385486743,2,160,240
2017-07-14,well_D,-14.587719508776777,2,160,240
2017-07-15,well_D,-13.603161990179576,2,160,240
2017-07-16,well_D,-13.105616352266841,2,160,240
2017-07-17,well_D,-13.166919376256011,2,160,240
2017-07-18,well_D,-14.452051474042884,2,160,240
2017-07-19,well_D,-14.681748784459252,2,160,240
2017-07-20,well_D,-14.359384203538744,2,160,240
2017-07-21,well_D,-14.564788722329304,2,160,240
2017-07-22,well_D,-13.905473828894062,2,160,240
2017-07-23,well_D,-13.595900335730947,2,160,240
2017-07-24,well_D,-13.802560272400745,2,160,240
2017-07-25,well_D,-12.386294866061593,2,160,240
2017-07-26,well_D,-13.532498835737371,2,160,240
2017-07-27,well_D,-14.82052063028706,2,160,240
2017-07-28,well_D,-13.928791440555587,2,160,240
2017-07-29,well_D,-14.053517807932318,2,160,240
2017-07-30,well_D,-14.190138898585055,2,160,240
2017-07-31,well_D,-13.232584532959288,2,160,240
2017-08-01,well_D,-13.781994010541958,2,160,240
2017-08-02,well_D,-14.499017665104768,2,160,240
2017-08-03,well_D,-14.194027723532052,2,160,240
2017-08-04,well_D,-15.021688509561478,2,160,240
2017-08-05,well_D,-14.238667269598348,2,160,240
2017-08-06,well_D,-14.66641666320161,2,160,240
2017-08-07,well_D,-14.521085622428952,2,160,240
2017-08-08,well_D,-14.596195408553465,2,160,240
2017-08-09,well_D,-15.202284332038,2,160,240
2017-08-10,well_D,-15.119323861930946,2,160,240
2017-08-11,well_D,-16.060425838647063,2,160,240
2017-08-12,well_D,-16.651233246752493,2,160,240
2017-08-13,well_D,-15.440619735264796,2,160,240
2017-08-14,well_D,-15.511778059195088,2,160,240
2017-08-15,well_D,-14.965221584028939,2,160,240
2017-08-16,well_D,-15.561518817435678,2,160,240
2017-08-17,well_D,-16.06822365830023,2,160,240
2017-08-18,well_D,-16.844855796111784,2,160,240
2017-08-19,well_D,-14.873257036871294,2,160,240
2017-08-20,well_D,-14.296585296528436,2,160,240
2017-08-21,well_D,-14.310434651691141,2,160,240
2017-08-22,well_D,-15.222443223404083,2,160,240
2017-08-23,well_D,-15.176655802360942,2,160,240
2017-08-24,well_D,-14.58750255425564,2,160,240
2017-08-25,well_D,-14.176593495602267,2,160,240
2017-08-26,well_D,-13.79781085129616,2,160,240
2017-08-27,well_D,-15.27275590803634,2,160,240
2017-08-28,well_D,-13.307681493512328,2,160,240
2017-08-29,well_D,-15.184858533104297,2,160,240
2017-08-30,well_D,-14.995465215688675,2,160,240
2017-08-31,well_D,-14.92255371672819,2,160,240
2017-09-01,well_D,-16.452643057707167,2,160,240
2017-09-02,well_D,-15.760064438398391,2,160,240
2017-09-03,well_D,-15.879849955997788,2,160,240
2017-09-04,well_D,-15.480463879405606,2,160,240
2017-09-05,well_D,-17.19957248351128,2,160,240
2017-09-06,well_D,-16.896046154998544,2,160,240
2017-09-07,well_D,-17.59611181959797,2,160,240
2017-09-08,well_D,-17.628048604039538,2,160,240
2017-09-09,well_D,-16.712712303880647,2,160,240
2017-09-10,well_D,-15.986855206022877,2,160,240
2017-09-11,well_D,-15.675872960123334,2,160,240
2017-09-12,well_D,-17.237269535508084,2,160,240
2017-09-13,well_D,-14.751978990108237,2,160,240
2017-09-14,well_D,-17.89137917537505,2,160,240
2017-09-15,well_D,-17.315699866758045,2,160,240
2017-09-16,well_D,-16.2930113760848,2,160,240
2017-09-17,well_D,-17.058655493661643,2,160,240
2017-09-18,well_D,-15.48610592162461,2,160,240
2017-09-19,well_D,-16.47907987238334,2,160,240
2017-09-20,well_D,-17.29194843627252,2,160,240
2017-09-21,well_D,-17.868940873659195,2,160,240
2017-09-22,well_D,-18.459261793891187,2,160,240
2017-09-23,well_D,-17.10195781330502,2,160,240
2017-09-24,well_D,-16.344242884113616,2,160,240
2017-09-25,well_D,-16.9862632261238,2,160,240
2017-09-26,well_D,-17.111932693209244,2,160,240
2017-09-27,well_D,-17.118675590512836,2,160,240
2017-09-28,well_D,-18.124573623946905,2,160,240
2017-09-29,well_D,-17.859105789744532,2,160,240
2017-09-30,well_D,-18.12912383218938,2,160,240
2017-10-01,well_D,-16.871495695709786,2,160,240
2017-10-02,well_D,-17.64108075112749,2,160,240
2017-10-03,well_D,-17.711667490189377,2,160,240
2017-10-04,well_D,-18.614695857017715,2,160,240
2017-10-05,well_D,-19.065647756053206,2,160,240
2017-10-06,well_D,-18.794403035385614,2,160,240
2017-10-07,well_D,-18.528848379528366,2,160,240
2017-10-08,well_D,-18.64923384263426,2,160,240
2017-10-09,well_D,-20.282601004413728,2,160,240
2017-10-10,well_D,-18.962326037868404,2,160,240
2017-10-11,well_D,-19.89613195993581,2,160,240
2017-10-12,well_D,-20.190716033055946,2,160,240
2017-10-13,well_D,-19.892321275370566,2,160,240
2017-10-14,well_D,-19.689155326242858,2,160,240
2017-10-15,well_D,-18.308742380815634,2,160,240
2017-10-16,well_D,-18.946892966325745,2,160,240
2017-10-17,well_D,-19.04075461951745,2,160,240
2017-10-18,well_D,-19.26780931827891,2,160,240
2017-05-20,well_E,-9.917210015523809,3,200,260
2017-05-21,well_E,-8.697378770702827,3,200,260
2017-05-22,well_E,-8.692966345725319,3,200,260
2017-05-23,well_E,-9.123584421625761,3,200,260
2017-05-24,well_E,-10.03265278095959,3,200,260
2017-05-25,well_E,-9.968123174129099,3,200,260
2017-05-26,well_E,-9.506920696232816,3,200,260
2017-05-27,well_E,-9.512816826424386,3,200,260
2017-05-28,well_E,-7.087318408569532,3,200,260
2017-05-29,well_E,-8.830318984867437,3,200,260
2017-05-30,well_E,-8.26903806017554,3,200,260
2017-05-31,well_E,-9.627051312550698,3,200,260
2017-06-01,well_E,-9.5337906080508,3,200,260
2017-06-02,well_E,-9.799869594126132,3,200,260
2017-06-03,well_E,-9.493861316412715,3,200,260
2017-06-04,well_E,-9.146152221855502,3,200,260
2017-06-05,well_E,-9.455583140765889,3,200,260
2017-06-06,well_E,-9.599924657684467,3,200,260
2017-06-07,well_E,-9.267655786721784,3,200,260
2017-06-08,well_E,-10.091001710728586,3,200,260
2017-06-09,well_E,-10.422229664100824,3,200,260
2017-06-10,well_E,-9.568306218794747,3,200,260
2017-06-11,well_E,-9.805999724034912,3,200,260
2017-06-12,well_E,-9.967136628046191,3,200,260
2017-06-13,well_E,-10.332903527936322,3,200,260
2017-06-14,well_E,-10.50702076671637,3,200,260
2017-06-15,well_E,-10.07533611858436,3,200,260
2017-06-16,well_E,-11.326329206515693,3,200,260
2017-06-17,well_E,-10.160338807221397,3,200,260
2017-06-18,well_E,-9.46133037572345,3,200,260
2017-06-19,well_E,-9.504612393551504,3,200,260
2017-06-20,well_E,-8.581038454805775,3,200,260
2017-06-21,well_E,-8.50749169112891,3,200,260
2017-06-22,well_E,-9.897582470389203,3,200,260
2017-06-23,well_E,-9.191405247030616,3,200,260
2017-06-24,well_E,-8.21508571059742,3,200,260
2017-06-25,well_E,-8.840600837047289,3,200,260
2017-06-26,well_E,-7.940077131295151,3,200,260
2017-06-27,well_E,-8.540453126516576,3,200,260
2017-06-28,well_E,-8.462097528545462,3,200,260
2017-06-29,well_E,-9.601575481687242,3,200,260
2017-06-30,well_E,-8.94200848731997,3,200,260
2017-07-01,well_E,-9.851809236118608,3,200,260
2017-07-02,well_E,-9.071172839620324,3,200,260
2017-07-03,well_E,-8.439630466642756,3,200,260
2017-07-04,well_E,-8.141892147819702,3,200,260
2017-07-05,well_E,-10.116769257726782,3,200,260
2017-07-06,well_E,-10.541174545417212,3,200,260
2017-07-07,well_E,-9.757112206758135,3,200,260
2017-07-08,well_E,-10.317429834928742,3,200,260
2017-07-09,well_E,-9.419773273043603,3,200,260
2017-07-10,well_E,-9.466010180482847,3,200,260
2017-07-11,well_E,-9.120253047824756,3,200,260
2017-07-12,well_E,-11.571879592755895,3,200,260
2017-07-13,well_E,-9.656651150901927,3,200,260
2017-07-14,well_E,-10.083812059846075,3,200,260
2017-07-15,well_E,-10.042791378018148,3,200,260
2017-07-16,well_E,-9.636079313991408,3,200,260
2017-07-17,well_E,-9.23500103705915,3,200,260
2017-07-18,well_E,-10.43565986211845,3,200,260
2017-07-19,well_E,-10.446431124176296,3,200,260
2017-07-20,well_E,-10.328687315801556,3,200,260
2017-07-21,well_E,-8.9991665781702,3,200,260
2017-07-22,well_E,-8.148458754359801,3,200,260
2017-07-23,well_E,-9.93587819587407,3,200,260
2017-07-24,well_E,-9.427643496158963,3,200,260
2017-07-25,well_E,-8.74435237161702,3,200,260
2017-07-26,well_E,-9.115117431769175,3,200,260
2017-07-27,well_E,-8.824060402603198,3,200,260
2017-07-28,well_E,-10.342707080889797,3,200,260
2017-07-29,well_E,-9.10483035621161,3,200,260
2017-07-30,well_E,-9.279995890857311,3,200,260
2017-07-31,well_E,-9.858404946856433,3,200,260
2017-08-01,well_E,-8.861366089423882,3,200,260
2017-08-02,well_E,-9.506746808622474,3,200,260
2017-08-03,well_E,-9.271803901899316,3,200,260
2017-08-04,well_E,-9.808046180098271,3,200,260
2017-08-05,well_E,-9.840394766822754,3,200,260
2017-08-06,well_E,-9.781184935089312,3,200,260
2017-08-07,well_E,-9.60964071004378,3,200,260
2017-08-08,well_E,-10.436683455741894,3,200,260
2017-08-09,well_E,-9.503203451802959,3,200,260
2017-08-10,well_E,-10.985720491715334,3,200,260
2017-08-11,well_E,-11.330265935397618,3,200,260
2017-08-12,well_E,-9.280672556993332,3,200,260
2017-08-13,well_E,-10.064082112020253,3,200,260
2017-08-14,well_E,-9.453363928410552,3,200,260
2017-08-15,well_E,-9.876439655825992,3,200,260
2017-08-16,well_E,-9.930390850861077,3,200,260
2017-08-17,well_E,-10.002854120690325,3,200,260
2017-08-18,well_E,-10.386027619774593,3,200,260
2017-08-19,well_E,-10.550070637152267,3,200,260
2017-08-20,well_E,-9.694976902781413,3,200,260
2017-08-21,well_E,-8.457349913560654,3,200,260
2017-08-22,well_E,-10.878363188247254,3,200,260
2017-08-23,well_E,-9.690441493277246,3,200,260
2017-08-24,well_E,-10.1576269349704,3,200,260
2017-08-25,well_E,-9.843969870706594,3,200,260
2017-08-26,well_E,-10.104215938941024,3,200,260
2017-08-27,well_E,-8.588429578066412,3,200,260
2017-08-28,well_E,-8.793380495321498,3,200,260
2017-08-29,well_E,-11.400727592702603,3,200,260
2017-08-30,well_E,-10.495881731597953,3,200,260
2017-08-31,well_E,-10.90762499414416,3,200,260
2017-09-01,well_E,-11.606261639502192,3,200,260
2017-09-02,well_E,-10.467755847020722,3,200,260
2017-09-03,well_E,-9.990255014570709,3,200,260
2017-09-04,well_E,-11.001007873864825,3,200,260
2017-09-05,well_E,-11.12281639714911,3,200,260
2017-09-06,well_E,-11.463207913817559,3,200,260
2017-09-07,well_E,-11.408927608936276,3,200,260
2017-09-08,well_E,-11.297977060988236,3,200,260
2017-09-09,well_E,-11.47776917948354,3,200,260
2017-09-10,well_E,-12.185958868242698,3,200,260
2017-09-11,well_E,-11.358287380769413,3,200,260
2017-09-12,well_E,-11.125146532439603,3,200,260
2017-09-13,well_E,-13.797197815983127,3,200,260
2017-09-14,well_E,-12.534591242237314,3,200,260
2017-09-15,well_E,-10.977812781051991,3,200,260
2017-09-16,well_E,-11.114024196270394,3,200,260
2017-09-17,well_E,-10.95730018785379,3,200,260
2017-09-18,well_E,-10.534127883962414,3,200,260
2017-09-19,well_E,-11.354595387082613,3,200,260
2017-09-20,well_E,-10.899964826548699,3,200,260
2017-09-21,well_E,-10.952601399151234,3,200,260
2017-09-22,well_E,-11.586520586183614,3,200,260
2017-09-23,well_E,-11.320580221470797,3,200,260
2017-09-24,well_E,-10.421109064805208,3,200,260
2017-09-25,well_E,-10.696587883196248,3,200,260
2017-09-26,well_E,-10.151927026863516,3,200,260
2017-09-27,well_E,-10.614390646998592,3,200,260
2017-09-28,well_E,-12.353416477100115,3,200,260
2017-09-29,well_E,-12.601550631169696,3,200,260
2017-09-30,well_E,-11.835405274467094,3,200,260
2017-10-01,well_E,-12.222572080215159,3,200,260
2017-10-02,well_E,-11.619305701849358,3,200,260
2017-10-03,well_E,-11.183387584315605,3,200,260
2017-10-04,well_E,-12.657127966011446,3,200,260
2017-10-05,well_E,-12.468667276930516,3,200,260
2017-10-06,well_E,-12.970341257365709,3,200,260
2017-10-07,well_E,-13.105699251668932,3,200,260
2017-10-08,well_E,-12.802993409890615,3,200,260
2017-10-09,well_E,-12.950269184240264,3,200,260
2017-10-10,well_E,-13.68392189159459,3,200,260
2017-10-11,well_E,-14.461158401363473,3,200,260
2017-10-12,well_E,-12.505037523534433,3,200,260
2017-10-13,well_E,-13.904440236565144,3,200,260
2017-10-14,well_E,-13.282592365473704,3,200,260
2017-10-15,well_E,-12.852827990467745,3,200,260
2017-10-16,well_E,-13.119935095398075,3,200,260
2017-10-17,well_E,-13.124257250196159,3,200,260
2017-10-18,well_E,-12.78278262124986,3,200,260
